{"max": [3.51762, 3.78918, 8.19463], "centroid": [-1.4857846424000019, 2.4559676678320077, 2.4213090032000006], "id": "1a04e3eab45ca15dd86060f189eb133", "numVertices": 1250, "min": [-6.46389, -0.913216, -0.1778]}
